Institution,State,District,Type,DataDepth,Department,ResearchAreas,SourceVerified
National Institute of Technology Raipur,Chhattisgarh,Raipur,technical_institute,deep,Computer Science & Engineering,AI and Data Science; Network Security and Modern Cryptography; Cloud Computing,Verified live from nitrr.ac.in official department page
National Institute of Technology Raipur,Chhattisgarh,Raipur,technical_institute,deep,Civil Engineering,Structural Engineering; Geotechnical Engineering; Environmental Engineering; Transportation Engineering; Water Resources Development and Irrigation Engineering (dedicated M.Tech program),Verified live from nitrr.ac.in/aboutcivil.php — established 1958
National Institute of Technology Raipur,Chhattisgarh,Raipur,technical_institute,deep,Electrical Engineering,Power System and Control (dedicated M.Tech); DST-FIST Level-I funded; externally sponsored research >Rs.300 lakh in last 5 years,Verified live from nitrr.ac.in/aboutelectrical.php — established 1958
National Institute of Technology Raipur,Chhattisgarh,Raipur,technical_institute,deep,Architecture & Planning,M.Tech in Planning with specialisation in Urban Planning; B.Arch undergraduate program,Verified live from nitrr.ac.in/aboutarchitecture.php — established 1984
National Institute of Technology Raipur,Chhattisgarh,Raipur,technical_institute,deep,Applied Geology,Sustainable development and conservation of mineral and natural resources; geological project management and mapping,"Verified live from nitrr.ac.in/aboutgeology.php — established 1961, M.Tech in Applied Geology"
National Institute of Technology Raipur,Chhattisgarh,Raipur,technical_institute,deep,Information Technology,Information Science & Technology; systems-oriented computing,Verified live — partial snippet from official aboutit page
National Institute of Technology Raipur,Chhattisgarh,Raipur,technical_institute,deep,Mathematics,Active MSc/PhD research environment (general — specific focus areas need follow-up),Verified live — partial snippet from official aboutmath page
National Institute of Technology Raipur,Chhattisgarh,Raipur,technical_institute,deep,Bio Medical Engineering / Bio Technology / Chemical Engineering / Electronics and Communication / Mechanical Engineering / Metallurgical & Materials Engineering / Mining Engineering / Humanities & Social Sciences,"NEEDS RESEARCH — confirmed real departments, specific research areas not yet pulled",Department names only — confirmed via official site department listing
Indian Institute of Technology Bhilai,Chhattisgarh,Durg,technical_institute,deep,Computer Science and Engineering,CSE plus a separate standalone Discipline of Data Science and Artificial Intelligence at institute level,Verified live from iitbhilai.ac.in official department listing
Indian Institute of Technology Bhilai,Chhattisgarh,Durg,technical_institute,deep,Electrical Engineering,"M.Tech specializations: Electrical Vehicular Technology; Control & Instrumentation; Power & Power Electronics. Named research: battery management systems, point-of-care medical devices, smart grids, precision agriculture",Verified live from iitbhilai.ac.in dept_ee — established 2016
Indian Institute of Technology Bhilai,Chhattisgarh,Durg,technical_institute,deep,Mechatronics,"Robotics, drones, medical instruments; control and automation using AI; named focus on industrial safety",Verified live from iitbhilai.ac.in disc_mt
Indian Institute of Technology Bhilai,Chhattisgarh,Durg,technical_institute,deep,Liberal Arts,Three core disciplines: Economics; Literature; Psychology,Verified live from official department page
Indian Institute of Technology Bhilai,Chhattisgarh,Durg,technical_institute,deep,Bioscience and Biomedical Engineering / Chemistry / Electronics and Communication Engineering / Materials Science and Metallurgical Engineering / Mathematics / Physics / Mechanical Engineering,"NEEDS RESEARCH — confirmed real departments, specific research areas not yet pulled",Department names only — confirmed via official site department listing
Indira Gandhi Krishi Vishwavidyalaya (IGKV),Chhattisgarh,Raipur,university,deep,Agri-Business Management / Agricultural Economics / Agricultural Statistics / Agriculture Engineering / Horticulture,"NEEDS RESEARCH — confirmed real departments, specific research areas not yet pulled",Department names only — confirmed via official site department listing
Indira Gandhi Krishi Vishwavidyalaya (IGKV),Chhattisgarh,Raipur,university,deep,(network of affiliated colleges),23 constituent government colleges + 15 affiliated private colleges statewide — not yet individually researched,Verified count from official IGKV site and Careers360 cross-reference
Bhilai Institute of Technology - Durg,Chhattisgarh,Durg,technical_institute,deep,Computer Science and Engineering / Information Technology,"New Advanced AI/ML Lab launched Aug 2026 — 33 GPU systems, TensorFlow/PyTorch/Scikit-learn","Verified live from bitdurg.ac.in + official Instagram (Aug 2026) — established 1986, Institute Code 01"
Bhilai Institute of Technology - Durg,Chhattisgarh,Durg,technical_institute,deep,Civil Engineering / Electrical & Electronics Engineering / Electronics & Telecom Engineering / Mechanical Engineering / Electrical Engineering,NEEDS RESEARCH — confirmed real departments. Also has Sciences wing (Applied Chemistry/Mathematics/Physics/Humanities) and Management (MBA) + Computer Applications (MCA),Department names only — confirmed via official site department menu
Government Engineering College - Bilaspur,Chhattisgarh,Bilaspur,technical_institute,deep,Mining Engineering,One of 7 core departments — genuinely relevant given Chhattisgarh's mining economy,"Verified live — gecbsp.ac.in, established 1964"
Government Engineering College - Bilaspur,Chhattisgarh,Bilaspur,technical_institute,deep,Civil Engineering / Mechanical Engineering / Electrical Engineering / Electronics Engineering / Information Technology / Computer Science & Engineering,NEEDS RESEARCH — confirmed real departments (7 total including Mining),Department names only — confirmed via official site + Wikipedia cross-reference
Government Engineering College - Jagdalpur,Chhattisgarh,Bastar,technical_institute,deep,Mining Engineering,"Real B.Tech program — Bastar is mineral-rich, tribal-majority district where this is genuinely applicable. NOTE: CSVTU list also has 'Chhattisgarh Institute of Technology, Jagdalpur' (code 211) — likely the same institution under a different name/code, source-data duplicate",Verified live from gecjdp.ac.in/departments/mining
Government Engineering College - Jagdalpur,Chhattisgarh,Bastar,technical_institute,deep,Mechanical Engineering,B.Tech Mechanical Engineering; M.Tech in Thermal Engineering; PhD program offered,Verified live from gecjdp.ac.in/departments/mechanical
Government Engineering College - Jagdalpur,Chhattisgarh,Bastar,technical_institute,deep,Civil / Electronics & Telecommunication / Information Technology / Electrical / Humanities,NEEDS RESEARCH — confirmed real departments (7 total). Humanities dept covers Engineering Mathematics/Physics/Chemistry/Environmental Science/English,Department names only — confirmed via official site
"RSR Rungta College of Engineering & Technology,Bhilai",Chhattisgarh,Durg,technical_institute,deep,Computer Science & Engineering / Mechanical Engineering / Civil Engineering / Electrical Engineering / Electronics & Telecommunications / Mining Engineering / Information Technology,Now part of Rungta University (govt-approved 2025),"Verified live — rsrrcet.com, rungta.ac.in. NOTE: CSVTU list has this institution twice under codes 029 and 013 — source-data duplicate"
Christian College of Engineering & Technology - Bhilai,Chhattisgarh,Durg,technical_institute,deep,Computer Science & Engineering / Electronics & Telecommunication Engineering / Electrical Engineering / Mechanical Engineering / Science and Humanities,Named specializations: CAD/CAM Robotics; Nanotechnology; High Voltage,Verified live from ccetbhilai.ac.in — established 1998
New Government Engineering College - Raipur,Chhattisgarh,Raipur,technical_institute,deep,Civil Engineering / Computer Science / Data Science / Electronics & Telecommunication / Electrical & Electronics / Mechanical Engineering / Applied Science & Humanities,"Renamed 'Chhattisgarh Institute of Technology, Raipur' — dedicated standalone Data Science Engineering department",Verified live from gecraipur.ac.in official pages
Chhatrapati Shivaji Institute Of Technology - Durg,Chhattisgarh,Durg,technical_institute,deep,Computer Science & Engineering / Artificial Intelligence & Data Science / Civil Engineering / Mechanical Engineering / Information Technology / Electrical & Electronics Engineering / Mechatronics,"Real named faculty in CSE dept (Prof. Prashant Richhariya, Prof. Deepty Dubey)",Verified live from csitdurg.in + Collegedunia faculty listing
Disha Institute Of Management And Technology - Raipur,Chhattisgarh,Raipur,college,deep,Civil Engineering / Computer Science / Electrical & Electronics / Electronics & Telecommunication / Mechanical / Mechatronics / Management (MBA),Diversified — also offers B.Ed and B.Sc Nursing alongside engineering and management,Verified live from dimatindia.in official pages
"Central Institute of Plastic Engineering & Technology, Raipur",Chhattisgarh,Raipur,technical_institute,deep,Plastics Technology / Plastics Mould Technology,"National government institute (Ministry of Chemicals & Fertilizers, GoI, not state-run). B.Tech in Plastics/Manufacturing/Mechanical/Petrochemical Engineering — directly relevant to plastic-waste/environmental civic problems",Verified live from cipet.gov.in official pages
Chouksey Engineering College - Bilaspur,Chhattisgarh,Bilaspur,technical_institute,deep,Computer Science & Engineering / Civil Engineering / Electrical & Electronics Engineering / Electronics & Telecommunication,"CSE dept named focus: Artificial Intelligence, Data Science, Cybersecurity, Cloud Computing",Verified live from cecbilaspur.ac.in official pages
"Shri Shankaracharya Institute of Professional Management & Technology, Raipur",Chhattisgarh,Raipur,technical_institute,deep,Computer Science & Engineering / CSE (AI) / CSE (Data Science) / AI & Machine Learning / Civil Engineering / Electronics & Telecommunication / Information Technology / Mechanical Engineering,"Real named faculty (HOD Civil Engineering; Prof. Parvez Alam). Offers PhD in Management, CSE, and Physics",Verified live from ssipmt.edu.in + Wikipedia + CollegeBatch cross-reference
"Chhattisgarh Engineering College, Durg",Chhattisgarh,Durg,technical_institute,deep,Electronics & Communication Engineering / Electrical Engineering / Civil Engineering / Mechanical Engineering / Computer Science Engineering,"Established 2009, AICTE approved",Verified live via Shiksha/Careers360 cross-reference
Raipur Institute Of Technology - Raipur,Chhattisgarh,Raipur,technical_institute,shallow,,,Verified — CSVTU official affiliated institutes list (Code 012)
Shri Rawatpura Sarkar Institute of Pharmacy - Kumhari,Chhattisgarh,Durg,college,shallow-categorized,Pharmacy,B.Pharm / D.Pharm program — single-purpose pharmacy college; detailed faculty research pages not typically published for institutions of this scale,Verified — CSVTU official affiliated institutes list (Code 015) | Department classified from CSVTU pharmacy listing category
"Columbia Institute of Pharmacy, Raipur",Chhattisgarh,Raipur,college,shallow-categorized,Pharmacy,B.Pharm / D.Pharm program — single-purpose pharmacy college; detailed faculty research pages not typically published for institutions of this scale,Verified — CSVTU official affiliated institutes list (Code 021) | Department classified from CSVTU pharmacy listing category
"Columbia Institute of Engineering & Technology,Raipur",Chhattisgarh,Raipur,technical_institute,shallow,,,Verified — CSVTU official affiliated institutes list (Code 026)
"Lakhmi Chand Institute of Technology,Bilaspur",Chhattisgarh,Bilaspur,technical_institute,shallow,,,Verified — CSVTU official affiliated institutes list (Code 031)
"Royal College of Pharmacy, Raipur",Chhattisgarh,Raipur,college,shallow-categorized,Pharmacy,B.Pharm / D.Pharm program — single-purpose pharmacy college; detailed faculty research pages not typically published for institutions of this scale,Verified — CSVTU official affiliated institutes list (Code 046) | Department classified from CSVTU pharmacy listing category
Government Polytechnic - Korba,Chhattisgarh,Korba,technical_institute,shallow-categorized,Diploma Engineering,"Polytechnic-level diploma programs (typically Civil/Mechanical/Electrical/Electronics trades) — specific trades vary by institution, not individually verified",Verified — CSVTU official affiliated institutes list (Code 057) | Department classified from CSVTU polytechnic listing category
Government Polytechnic - Khairagarh,Chhattisgarh,Rajnandgaon,technical_institute,shallow-categorized,Diploma Engineering,"Polytechnic-level diploma programs (typically Civil/Mechanical/Electrical/Electronics trades) — specific trades vary by institution, not individually verified",Verified — CSVTU official affiliated institutes list (Code 059) | Department classified from CSVTU polytechnic listing category
Thakur Balram Singh Government Polytechnic - Takhatpur,Chhattisgarh,Bilaspur,technical_institute,shallow-categorized,Diploma Engineering,"Polytechnic-level diploma programs (typically Civil/Mechanical/Electrical/Electronics trades) — specific trades vary by institution, not individually verified",Verified — CSVTU official affiliated institutes list (Code 060) | Department classified from CSVTU polytechnic listing category
Columbia College of Pharmacy - Raipur,Chhattisgarh,Raipur,college,shallow-categorized,Pharmacy,B.Pharm / D.Pharm program — single-purpose pharmacy college; detailed faculty research pages not typically published for institutions of this scale,Verified — CSVTU official affiliated institutes list (Code 061) | Department classified from CSVTU pharmacy listing category
Moulana Abul Kalam Azad College of Pharmacy - Raipur,Chhattisgarh,Raipur,college,shallow-categorized,Pharmacy,B.Pharm / D.Pharm program — single-purpose pharmacy college; detailed faculty research pages not typically published for institutions of this scale,Verified — CSVTU official affiliated institutes list (Code 062) | Department classified from CSVTU pharmacy listing category
J. K. Institute of Pharmacy - Bilaspur,Chhattisgarh,Bilaspur,college,shallow-categorized,Pharmacy,B.Pharm / D.Pharm program — single-purpose pharmacy college; detailed faculty research pages not typically published for institutions of this scale,Verified — CSVTU official affiliated institutes list (Code 063) | Department classified from CSVTU pharmacy listing category
Siddhi Vinayaka Institute of Technology - Bilaspur,Chhattisgarh,Bilaspur,technical_institute,shallow,,,Verified — CSVTU official affiliated institutes list (Code 065)
Ayush College of Polytechnic - Meduka,Chhattisgarh,Bilaspur,technical_institute,shallow-categorized,Diploma Engineering,"Polytechnic-level diploma programs (typically Civil/Mechanical/Electrical/Electronics trades) — specific trades vary by institution, not individually verified",Verified — CSVTU official affiliated institutes list (Code 066) | Department classified from CSVTU polytechnic listing category
Ramkrishna Rathore Government Polytechnic - Janjgir-Champa,Chhattisgarh,Janjgir – Champa,technical_institute,shallow-categorized,Diploma Engineering,"Polytechnic-level diploma programs (typically Civil/Mechanical/Electrical/Electronics trades) — specific trades vary by institution, not individually verified",Verified — CSVTU official affiliated institutes list (Code 068) | Department classified from CSVTU polytechnic listing category
"I B T College of Diploma Engineering, Durg",Chhattisgarh,Durg,college,shallow,,,Verified — CSVTU official affiliated institutes list (Code 069)
"Government Polytechnic, Mahasamund",Chhattisgarh,Mahasamund,technical_institute,shallow-categorized,Diploma Engineering,"Polytechnic-level diploma programs (typically Civil/Mechanical/Electrical/Electronics trades) — specific trades vary by institution, not individually verified",Verified — CSVTU official affiliated institutes list (Code 070) | Department classified from CSVTU polytechnic listing category
"Government Women Polytechnic, Bilaspur",Chhattisgarh,Bilaspur,technical_institute,shallow-categorized,Diploma Engineering,"Polytechnic-level diploma programs (typically Civil/Mechanical/Electrical/Electronics trades) — specific trades vary by institution, not individually verified",Verified — CSVTU official affiliated institutes list (Code 071) | Department classified from CSVTU polytechnic listing category
Government Polytechnic - Gariyaband,Chhattisgarh,Gariaband,technical_institute,shallow-categorized,Diploma Engineering,"Polytechnic-level diploma programs (typically Civil/Mechanical/Electrical/Electronics trades) — specific trades vary by institution, not individually verified",Verified — CSVTU official affiliated institutes list (Code 073) | Department classified from CSVTU polytechnic listing category
Mansa Polytechnic College,Chhattisgarh,Durg,technical_institute,shallow-categorized,Diploma Engineering,"Polytechnic-level diploma programs (typically Civil/Mechanical/Electrical/Electronics trades) — specific trades vary by institution, not individually verified",Verified — CSVTU official affiliated institutes list (Code 074) | Department classified from CSVTU polytechnic listing category
"N.M.D.C., D.A.V. Polytechnic-Dantewada",Chhattisgarh,Dantewada,technical_institute,shallow-categorized,Diploma Engineering,"Polytechnic-level diploma programs (typically Civil/Mechanical/Electrical/Electronics trades) — specific trades vary by institution, not individually verified",Verified — CSVTU official affiliated institutes list (Code 075) | Department classified from CSVTU polytechnic listing category
Governemnt Polytechnic-Bijapur,Chhattisgarh,Bijapur,technical_institute,shallow-categorized,Diploma Engineering,"Polytechnic-level diploma programs (typically Civil/Mechanical/Electrical/Electronics trades) — specific trades vary by institution, not individually verified",Verified — CSVTU official affiliated institutes list (Code 076) | Department classified from CSVTU polytechnic listing category
Chhattisgarh Institute of Technology -Jashpur,Chhattisgarh,Jashpur,technical_institute,shallow,,,Verified — CSVTU official affiliated institutes list (Code 077)
Governemnt Polytechnic-Kanker,Chhattisgarh,Kanker,technical_institute,shallow-categorized,Diploma Engineering,"Polytechnic-level diploma programs (typically Civil/Mechanical/Electrical/Electronics trades) — specific trades vary by institution, not individually verified",Verified — CSVTU official affiliated institutes list (Code 078) | Department classified from CSVTU polytechnic listing category
Governemnt Polytechnic-Korea,Chhattisgarh,Koriya,technical_institute,shallow-categorized,Diploma Engineering,"Polytechnic-level diploma programs (typically Civil/Mechanical/Electrical/Electronics trades) — specific trades vary by institution, not individually verified",Verified — CSVTU official affiliated institutes list (Code 079) | Department classified from CSVTU polytechnic listing category
Governemnt Polytechnic-Narayanpur,Chhattisgarh,Narayanpur,technical_institute,shallow-categorized,Diploma Engineering,"Polytechnic-level diploma programs (typically Civil/Mechanical/Electrical/Electronics trades) — specific trades vary by institution, not individually verified",Verified — CSVTU official affiliated institutes list (Code 080) | Department classified from CSVTU polytechnic listing category
"Government Polytechnic, Ramanujganj",Chhattisgarh,Balrampur,technical_institute,shallow-categorized,Diploma Engineering,"Polytechnic-level diploma programs (typically Civil/Mechanical/Electrical/Electronics trades) — specific trades vary by institution, not individually verified",Verified — CSVTU official affiliated institutes list (Code 084) | Department classified from CSVTU polytechnic listing category
"Government Polytechnic, Sukma",Chhattisgarh,Sukma,technical_institute,shallow-categorized,Diploma Engineering,"Polytechnic-level diploma programs (typically Civil/Mechanical/Electrical/Electronics trades) — specific trades vary by institution, not individually verified",Verified — CSVTU official affiliated institutes list (Code 085) | Department classified from CSVTU polytechnic listing category
"Government Polytechnic, Mungeli",Chhattisgarh,Mungeli,technical_institute,shallow-categorized,Diploma Engineering,"Polytechnic-level diploma programs (typically Civil/Mechanical/Electrical/Electronics trades) — specific trades vary by institution, not individually verified",Verified — CSVTU official affiliated institutes list (Code 086) | Department classified from CSVTU polytechnic listing category
J K College of Pharmacy,Chhattisgarh,Bilaspur,college,shallow-categorized,Pharmacy,B.Pharm / D.Pharm program — single-purpose pharmacy college; detailed faculty research pages not typically published for institutions of this scale,Verified — CSVTU official affiliated institutes list (Code 087) | Department classified from CSVTU pharmacy listing category
"Apollo College Of Pharmacy, Durg",Chhattisgarh,Durg,college,shallow-categorized,Pharmacy,B.Pharm / D.Pharm program — single-purpose pharmacy college; detailed faculty research pages not typically published for institutions of this scale,Verified — CSVTU official affiliated institutes list (Code 090) | Department classified from CSVTU pharmacy listing category
"Bhilai Institute Of Technology,Raipur",Chhattisgarh,Raipur,technical_institute,shallow,,,Verified — CSVTU official affiliated institutes list (Code 093)
"Krishna Vikas Institute of Technology, Raipur",Chhattisgarh,Raipur,technical_institute,shallow,,,Verified — CSVTU official affiliated institutes list (Code 098)
"Krishna Engineering College, Bhilai",Chhattisgarh,Durg,technical_institute,shallow,,,Verified — CSVTU official affiliated institutes list (Code 100)
"Government Polytechnic, Surajpur",Chhattisgarh,Surajpur,technical_institute,shallow-categorized,Diploma Engineering,"Polytechnic-level diploma programs (typically Civil/Mechanical/Electrical/Electronics trades) — specific trades vary by institution, not individually verified",Verified — CSVTU official affiliated institutes list (Code 101) | Department classified from CSVTU polytechnic listing category
"Government Polytechnic, Kondagaon",Chhattisgarh,Kondagoan,technical_institute,shallow-categorized,Diploma Engineering,"Polytechnic-level diploma programs (typically Civil/Mechanical/Electrical/Electronics trades) — specific trades vary by institution, not individually verified",Verified — CSVTU official affiliated institutes list (Code 102) | Department classified from CSVTU polytechnic listing category
"Government Polytechnic, Berla",Chhattisgarh,Bemetara,technical_institute,shallow-categorized,Diploma Engineering,"Polytechnic-level diploma programs (typically Civil/Mechanical/Electrical/Electronics trades) — specific trades vary by institution, not individually verified",Verified — CSVTU official affiliated institutes list (Code 103) | Department classified from CSVTU polytechnic listing category
"Government Polytechnic, Balod",Chhattisgarh,Balod,technical_institute,shallow-categorized,Diploma Engineering,"Polytechnic-level diploma programs (typically Civil/Mechanical/Electrical/Electronics trades) — specific trades vary by institution, not individually verified",Verified — CSVTU official affiliated institutes list (Code 104) | Department classified from CSVTU polytechnic listing category
"M J College, Bhilai",Chhattisgarh,Durg,college,shallow,,,Verified — CSVTU official affiliated institutes list (Code 106)
"Ayush College of Pharmacy, Marwahi",Chhattisgarh,Bilaspur,college,shallow-categorized,Pharmacy,B.Pharm / D.Pharm program — single-purpose pharmacy college; detailed faculty research pages not typically published for institutions of this scale,Verified — CSVTU official affiliated institutes list (Code 107) | Department classified from CSVTU pharmacy listing category
"Kamalkant Shukla Institute, Bhatapara",Chhattisgarh,Balodabazar,college,shallow,,,Verified — CSVTU official affiliated institutes list (Code 111)
RITEE College of Pharmacy Raipur,Chhattisgarh,Raipur,college,shallow-categorized,Pharmacy,B.Pharm / D.Pharm program — single-purpose pharmacy college; detailed faculty research pages not typically published for institutions of this scale,Verified — CSVTU official affiliated institutes list (Code 113) | Department classified from CSVTU pharmacy listing category
"Raigarh College of Pharmacy, Raigarh",Chhattisgarh,Raigarh,college,shallow-categorized,Pharmacy,B.Pharm / D.Pharm program — single-purpose pharmacy college; detailed faculty research pages not typically published for institutions of this scale,Verified — CSVTU official affiliated institutes list (Code 114) | Department classified from CSVTU pharmacy listing category
"LCIT School of Pharmacy, Bilaspur",Chhattisgarh,Bilaspur,college,shallow-categorized,Pharmacy,B.Pharm / D.Pharm program — single-purpose pharmacy college; detailed faculty research pages not typically published for institutions of this scale,Verified — CSVTU official affiliated institutes list (Code 115) | Department classified from CSVTU pharmacy listing category
"J K Institute of Pharmaceutical Education & Research, Bilaspur",Chhattisgarh,Bilaspur,college,shallow-categorized,Pharmacy,B.Pharm / D.Pharm program — single-purpose pharmacy college; detailed faculty research pages not typically published for institutions of this scale,Verified — CSVTU official affiliated institutes list (Code 116) | Department classified from CSVTU pharmacy listing category
"Ayush College of Pharmacy, Meduka",Chhattisgarh,Bilaspur,college,shallow-categorized,Pharmacy,B.Pharm / D.Pharm program — single-purpose pharmacy college; detailed faculty research pages not typically published for institutions of this scale,Verified — CSVTU official affiliated institutes list (Code 118) | Department classified from CSVTU pharmacy listing category
"Rungta Institute of Pharmaceutical Sciences, Bhilai",Chhattisgarh,Durg,college,shallow-categorized,Pharmacy,B.Pharm / D.Pharm program — single-purpose pharmacy college; detailed faculty research pages not typically published for institutions of this scale,Verified — CSVTU official affiliated institutes list (Code 122) | Department classified from CSVTU pharmacy listing category
Chhatrapati Shivaji Institute Of Pharmacy - Durg,Chhattisgarh,Durg,college,shallow-categorized,Pharmacy,B.Pharm / D.Pharm program — single-purpose pharmacy college; detailed faculty research pages not typically published for institutions of this scale,Verified — CSVTU official affiliated institutes list (Code 124) | Department classified from CSVTU pharmacy listing category
"Sanskar City College of Pharmacy, Rajnandgaon",Chhattisgarh,Rajnandgaon,college,shallow-categorized,Pharmacy,B.Pharm / D.Pharm program — single-purpose pharmacy college; detailed faculty research pages not typically published for institutions of this scale,Verified — CSVTU official affiliated institutes list (Code 125) | Department classified from CSVTU pharmacy listing category
"Krishna's Vikash Institute of Pharmaceutical Sciences and Research, Raipur",Chhattisgarh,Raipur,college,shallow-categorized,Pharmacy,B.Pharm / D.Pharm program — single-purpose pharmacy college; detailed faculty research pages not typically published for institutions of this scale,Verified — CSVTU official affiliated institutes list (Code 126) | Department classified from CSVTU pharmacy listing category
"Sanjivani Institute of Pharmacy, Bilaspur",Chhattisgarh,Bilaspur,college,shallow-categorized,Pharmacy,B.Pharm / D.Pharm program — single-purpose pharmacy college; detailed faculty research pages not typically published for institutions of this scale,Verified — CSVTU official affiliated institutes list (Code 127) | Department classified from CSVTU pharmacy listing category
"DBM College of Pharmacy, JanjgirChampa",Chhattisgarh,Janjgir – Champa,college,shallow-categorized,Pharmacy,B.Pharm / D.Pharm program — single-purpose pharmacy college; detailed faculty research pages not typically published for institutions of this scale,Verified — CSVTU official affiliated institutes list (Code 128) | Department classified from CSVTU pharmacy listing category
"Sita Ram Kashyap College of Pharmacy, JanjgirChampa",Chhattisgarh,Janjgir – Champa,college,shallow-categorized,Pharmacy,B.Pharm / D.Pharm program — single-purpose pharmacy college; detailed faculty research pages not typically published for institutions of this scale,Verified — CSVTU official affiliated institutes list (Code 129) | Department classified from CSVTU pharmacy listing category
"Shri Balaji College of Pharmaceutical Sciences, JanjgirChampa",Chhattisgarh,Janjgir – Champa,college,shallow-categorized,Pharmacy,B.Pharm / D.Pharm program — single-purpose pharmacy college; detailed faculty research pages not typically published for institutions of this scale,Verified — CSVTU official affiliated institutes list (Code 130) | Department classified from CSVTU pharmacy listing category
Bodhni Devi Pharmacy College - Jagdalpur,Chhattisgarh,Bastar,college,shallow-categorized,Pharmacy,B.Pharm / D.Pharm program — single-purpose pharmacy college; detailed faculty research pages not typically published for institutions of this scale,Verified — CSVTU official affiliated institutes list (Code 131) | Department classified from CSVTU pharmacy listing category
Danteshwari College of Pharmacy - Bastar,Chhattisgarh,Bastar,college,shallow-categorized,Pharmacy,B.Pharm / D.Pharm program — single-purpose pharmacy college; detailed faculty research pages not typically published for institutions of this scale,Verified — CSVTU official affiliated institutes list (Code 132) | Department classified from CSVTU pharmacy listing category
"Government Engineering College, Ambikapur",Chhattisgarh,Surguja,technical_institute,shallow,,,Verified — CSVTU official affiliated institutes list (Code 133)
"Raigarh College of Education, Raigarh",Chhattisgarh,Raigarh,college,shallow,,,Verified — CSVTU official affiliated institutes list (Code 135)
"Tagore Institute of Pharmacy and Research, Bilaspur",Chhattisgarh,Bilaspur,college,shallow-categorized,Pharmacy,B.Pharm / D.Pharm program — single-purpose pharmacy college; detailed faculty research pages not typically published for institutions of this scale,Verified — CSVTU official affiliated institutes list (Code 137) | Department classified from CSVTU pharmacy listing category
"Rungta Institute of Pharmaceutical Sciences and Research, Bhilai",Chhattisgarh,Durg,college,shallow-categorized,Pharmacy,B.Pharm / D.Pharm program — single-purpose pharmacy college; detailed faculty research pages not typically published for institutions of this scale,Verified — CSVTU official affiliated institutes list (Code 138) | Department classified from CSVTU pharmacy listing category
"Gracious College of Pharmacy, Raipur",Chhattisgarh,Raipur,college,shallow-categorized,Pharmacy,B.Pharm / D.Pharm program — single-purpose pharmacy college; detailed faculty research pages not typically published for institutions of this scale,Verified — CSVTU official affiliated institutes list (Code 139) | Department classified from CSVTU pharmacy listing category
"Tagore College of Management, Sakari, Bilaspur",Chhattisgarh,Bilaspur,college,shallow,,,Verified — CSVTU official affiliated institutes list (Code 141)
"Raipur Institute of Pharmaceutical Education & Research, Raipur",Chhattisgarh,Raipur,college,shallow-categorized,Pharmacy,B.Pharm / D.Pharm program — single-purpose pharmacy college; detailed faculty research pages not typically published for institutions of this scale,Verified — CSVTU official affiliated institutes list (Code 142) | Department classified from CSVTU pharmacy listing category
"School of Pharmacy, Chouksey Engineering College, Bilaspur",Chhattisgarh,Bilaspur,college,shallow-categorized,Pharmacy,B.Pharm / D.Pharm program — single-purpose pharmacy college; detailed faculty research pages not typically published for institutions of this scale,Verified — CSVTU official affiliated institutes list (Code 143) | Department classified from CSVTU pharmacy listing category
"Chouksey College of Pharmacy, Bilaspur",Chhattisgarh,Bilaspur,college,shallow-categorized,Pharmacy,B.Pharm / D.Pharm program — single-purpose pharmacy college; detailed faculty research pages not typically published for institutions of this scale,Verified — CSVTU official affiliated institutes list (Code 145) | Department classified from CSVTU pharmacy listing category
"Kismat Pharmacy College, Ramanujganj, Balrampur",Chhattisgarh,Balrampur,college,shallow-categorized,Pharmacy,B.Pharm / D.Pharm program — single-purpose pharmacy college; detailed faculty research pages not typically published for institutions of this scale,Verified — CSVTU official affiliated institutes list (Code 146) | Department classified from CSVTU pharmacy listing category
"Prism College of Pharmacy, Durg",Chhattisgarh,Durg,college,shallow-categorized,Pharmacy,B.Pharm / D.Pharm program — single-purpose pharmacy college; detailed faculty research pages not typically published for institutions of this scale,Verified — CSVTU official affiliated institutes list (Code 147) | Department classified from CSVTU pharmacy listing category
"Sandipani College of Pharmacy, Bilaspur",Chhattisgarh,Bilaspur,college,shallow-categorized,Pharmacy,B.Pharm / D.Pharm program — single-purpose pharmacy college; detailed faculty research pages not typically published for institutions of this scale,Verified — CSVTU official affiliated institutes list (Code 148) | Department classified from CSVTU pharmacy listing category
"V M College of Pharmacy, Bishrampur",Chhattisgarh,Surajpur,college,shallow-categorized,Pharmacy,B.Pharm / D.Pharm program — single-purpose pharmacy college; detailed faculty research pages not typically published for institutions of this scale,Verified — CSVTU official affiliated institutes list (Code 149) | Department classified from CSVTU pharmacy listing category
"We Care College of Pharmacy, Ambikapur",Chhattisgarh,Surguja,college,shallow-categorized,Pharmacy,B.Pharm / D.Pharm program — single-purpose pharmacy college; detailed faculty research pages not typically published for institutions of this scale,Verified — CSVTU official affiliated institutes list (Code 150) | Department classified from CSVTU pharmacy listing category
"Institue of Pharmaceutical studies, Bilaspur",Chhattisgarh,Bilaspur,college,shallow-categorized,Pharmacy,B.Pharm / D.Pharm program — single-purpose pharmacy college; detailed faculty research pages not typically published for institutions of this scale,Verified — CSVTU official affiliated institutes list (Code 151) | Department classified from CSVTU pharmacy listing category
"Shri Sai Pharmacy College, Durg",Chhattisgarh,Durg,college,shallow-categorized,Pharmacy,B.Pharm / D.Pharm program — single-purpose pharmacy college; detailed faculty research pages not typically published for institutions of this scale,Verified — CSVTU official affiliated institutes list (Code 152) | Department classified from CSVTU pharmacy listing category
"Disha College of Pharmacy, Raipur",Chhattisgarh,Raipur,college,shallow-categorized,Pharmacy,B.Pharm / D.Pharm program — single-purpose pharmacy college; detailed faculty research pages not typically published for institutions of this scale,Verified — CSVTU official affiliated institutes list (Code 153) | Department classified from CSVTU pharmacy listing category
"Pushpendra College of Pharmacy, Surguja",Chhattisgarh,Surguja,college,shallow-categorized,Pharmacy,B.Pharm / D.Pharm program — single-purpose pharmacy college; detailed faculty research pages not typically published for institutions of this scale,Verified — CSVTU official affiliated institutes list (Code 154) | Department classified from CSVTU pharmacy listing category
"Institute of Pharmacy Research Centre, Surajpur",Chhattisgarh,Surajpur,college,shallow-categorized,Pharmacy,B.Pharm / D.Pharm program — single-purpose pharmacy college; detailed faculty research pages not typically published for institutions of this scale,Verified — CSVTU official affiliated institutes list (Code 155) | Department classified from CSVTU pharmacy listing category
"Maitri College of Pharmay, Anjora",Chhattisgarh,Durg,college,shallow-categorized,Pharmacy,B.Pharm / D.Pharm program — single-purpose pharmacy college; detailed faculty research pages not typically published for institutions of this scale,Verified — CSVTU official affiliated institutes list (Code 156) | Department classified from CSVTU pharmacy listing category
"Career College of Pharmacy, Raigarh",Chhattisgarh,Raigarh,college,shallow-categorized,Pharmacy,B.Pharm / D.Pharm program — single-purpose pharmacy college; detailed faculty research pages not typically published for institutions of this scale,Verified — CSVTU official affiliated institutes list (Code 157) | Department classified from CSVTU pharmacy listing category
"Bhilai Institue of Pharmacy, Raipur",Chhattisgarh,Raipur,college,shallow-categorized,Pharmacy,B.Pharm / D.Pharm program — single-purpose pharmacy college; detailed faculty research pages not typically published for institutions of this scale,Verified — CSVTU official affiliated institutes list (Code 158) | Department classified from CSVTU pharmacy listing category
"LCIT College of Pharmacy, Bilaspur",Chhattisgarh,Bilaspur,college,shallow-categorized,Pharmacy,B.Pharm / D.Pharm program — single-purpose pharmacy college; detailed faculty research pages not typically published for institutions of this scale,Verified — CSVTU official affiliated institutes list (Code 159) | Department classified from CSVTU pharmacy listing category
"Hrishikesh College of Pharmaceutical and Research Institute, Bastar",Chhattisgarh,Bastar,college,shallow-categorized,Pharmacy,B.Pharm / D.Pharm program — single-purpose pharmacy college; detailed faculty research pages not typically published for institutions of this scale,Verified — CSVTU official affiliated institutes list (Code 160) | Department classified from CSVTU pharmacy listing category
"Jagrani Devi Pharmacy College, Baradwar, District- Sakti",Chhattisgarh,Janjgir – Champa,college,shallow-categorized,Pharmacy,B.Pharm / D.Pharm program — single-purpose pharmacy college; detailed faculty research pages not typically published for institutions of this scale,Verified — CSVTU official affiliated institutes list (Code 161) | Department classified from CSVTU pharmacy listing category
"Atharva College of Pharmacy, Dhanora, Durg",Chhattisgarh,Durg,college,shallow-categorized,Pharmacy,B.Pharm / D.Pharm program — single-purpose pharmacy college; detailed faculty research pages not typically published for institutions of this scale,Verified — CSVTU official affiliated institutes list (Code 162) | Department classified from CSVTU pharmacy listing category
"Prerna College of Pharmacy, Devbhog Road, Gariyaband",Chhattisgarh,Gariaband,college,shallow-categorized,Pharmacy,B.Pharm / D.Pharm program — single-purpose pharmacy college; detailed faculty research pages not typically published for institutions of this scale,Verified — CSVTU official affiliated institutes list (Code 163) | Department classified from CSVTU pharmacy listing category
"Mona Cllege of Pharmacy, Sarangarh",Chhattisgarh,Raigarh,college,shallow-categorized,Pharmacy,B.Pharm / D.Pharm program — single-purpose pharmacy college; detailed faculty research pages not typically published for institutions of this scale,Verified — CSVTU official affiliated institutes list (Code 164) | Department classified from CSVTU pharmacy listing category
"Gyanroshani College of Pharmacy, Janjgir",Chhattisgarh,Janjgir – Champa,college,shallow-categorized,Pharmacy,B.Pharm / D.Pharm program — single-purpose pharmacy college; detailed faculty research pages not typically published for institutions of this scale,Verified — CSVTU official affiliated institutes list (Code 165) | Department classified from CSVTU pharmacy listing category
"Keshri College of Pharmacy, Janjgir-Chmpa",Chhattisgarh,Janjgir – Champa,college,shallow-categorized,Pharmacy,B.Pharm / D.Pharm program — single-purpose pharmacy college; detailed faculty research pages not typically published for institutions of this scale,Verified — CSVTU official affiliated institutes list (Code 166) | Department classified from CSVTU pharmacy listing category
"DLS Pharmacy College, Bilaspur",Chhattisgarh,Bilaspur,college,shallow-categorized,Pharmacy,B.Pharm / D.Pharm program — single-purpose pharmacy college; detailed faculty research pages not typically published for institutions of this scale,Verified — CSVTU official affiliated institutes list (Code 167) | Department classified from CSVTU pharmacy listing category
"Trimurty Pharmacy College, Mungeli",Chhattisgarh,Mungeli,college,shallow-categorized,Pharmacy,B.Pharm / D.Pharm program — single-purpose pharmacy college; detailed faculty research pages not typically published for institutions of this scale,Verified — CSVTU official affiliated institutes list (Code 168) | Department classified from CSVTU pharmacy listing category
"GLD Institute of Pharmaceutical Science, Nawagarh",Chhattisgarh,Janjgir – Champa,college,shallow-categorized,Pharmacy,B.Pharm / D.Pharm program — single-purpose pharmacy college; detailed faculty research pages not typically published for institutions of this scale,Verified — CSVTU official affiliated institutes list (Code 169) | Department classified from CSVTU pharmacy listing category
"IPS Pharmacy College, Ratanpur",Chhattisgarh,Bilaspur,college,shallow-categorized,Pharmacy,B.Pharm / D.Pharm program — single-purpose pharmacy college; detailed faculty research pages not typically published for institutions of this scale,Verified — CSVTU official affiliated institutes list (Code 170) | Department classified from CSVTU pharmacy listing category
"GP Gupta Pharmacy College, Rahod",Chhattisgarh,Janjgir – Champa,college,shallow-categorized,Pharmacy,B.Pharm / D.Pharm program — single-purpose pharmacy college; detailed faculty research pages not typically published for institutions of this scale,Verified — CSVTU official affiliated institutes list (Code 172) | Department classified from CSVTU pharmacy listing category
"Sanskriti Institute of Pharmaceutical Science & Technology, Janjgir-Champa",Chhattisgarh,Janjgir – Champa,college,shallow-categorized,Pharmacy,B.Pharm / D.Pharm program — single-purpose pharmacy college; detailed faculty research pages not typically published for institutions of this scale,Verified — CSVTU official affiliated institutes list (Code 173) | Department classified from CSVTU pharmacy listing category
"DBM Institute of Pharmacy, Pithampur",Chhattisgarh,Janjgir – Champa,college,shallow-categorized,Pharmacy,B.Pharm / D.Pharm program — single-purpose pharmacy college; detailed faculty research pages not typically published for institutions of this scale,Verified — CSVTU official affiliated institutes list (Code 174) | Department classified from CSVTU pharmacy listing category
"Yugantar Institute of Pharmacy, Rajnandgaon",Chhattisgarh,Rajnandgaon,college,shallow-categorized,Pharmacy,B.Pharm / D.Pharm program — single-purpose pharmacy college; detailed faculty research pages not typically published for institutions of this scale,Verified — CSVTU official affiliated institutes list (Code 176) | Department classified from CSVTU pharmacy listing category
"Triveni College of Pharmacy, Akaltara",Chhattisgarh,Janjgir – Champa,college,shallow-categorized,Pharmacy,B.Pharm / D.Pharm program — single-purpose pharmacy college; detailed faculty research pages not typically published for institutions of this scale,Verified — CSVTU official affiliated institutes list (Code 177) | Department classified from CSVTU pharmacy listing category
"Apex Institute of Pharmacy Education & Research, Raigarh",Chhattisgarh,Raigarh,college,shallow-categorized,Pharmacy,B.Pharm / D.Pharm program — single-purpose pharmacy college; detailed faculty research pages not typically published for institutions of this scale,Verified — CSVTU official affiliated institutes list (Code 178) | Department classified from CSVTU pharmacy listing category
"National Institute of Pharmaceutical Science & Research, Bilaspur",Chhattisgarh,Bilaspur,college,shallow-categorized,Pharmacy,B.Pharm / D.Pharm program — single-purpose pharmacy college; detailed faculty research pages not typically published for institutions of this scale,Verified — CSVTU official affiliated institutes list (Code 179) | Department classified from CSVTU pharmacy listing category
"Nupoor College of Pharmacy, Raipur",Chhattisgarh,Raipur,college,shallow-categorized,Pharmacy,B.Pharm / D.Pharm program — single-purpose pharmacy college; detailed faculty research pages not typically published for institutions of this scale,Verified — CSVTU official affiliated institutes list (Code 180) | Department classified from CSVTU pharmacy listing category
"Maa Mangla College of Pharmacy, Raigarh",Chhattisgarh,Raigarh,college,shallow-categorized,Pharmacy,B.Pharm / D.Pharm program — single-purpose pharmacy college; detailed faculty research pages not typically published for institutions of this scale,Verified — CSVTU official affiliated institutes list (Code 181) | Department classified from CSVTU pharmacy listing category
"Unique Institute of Pharmacy & Research, Janjgir",Chhattisgarh,Janjgir – Champa,college,shallow-categorized,Pharmacy,B.Pharm / D.Pharm program — single-purpose pharmacy college; detailed faculty research pages not typically published for institutions of this scale,Verified — CSVTU official affiliated institutes list (Code 182) | Department classified from CSVTU pharmacy listing category
"Gurukripa Pharmacy College, Bilaspur",Chhattisgarh,Bilaspur,college,shallow-categorized,Pharmacy,B.Pharm / D.Pharm program — single-purpose pharmacy college; detailed faculty research pages not typically published for institutions of this scale,Verified — CSVTU official affiliated institutes list (Code 183) | Department classified from CSVTU pharmacy listing category
"Hrishikesh Institute of Pharmacy, Raipur",Chhattisgarh,Raipur,college,shallow-categorized,Pharmacy,B.Pharm / D.Pharm program — single-purpose pharmacy college; detailed faculty research pages not typically published for institutions of this scale,Verified — CSVTU official affiliated institutes list (Code 184) | Department classified from CSVTU pharmacy listing category
"Aryavart Pharmacy College, Durg",Chhattisgarh,Durg,college,shallow-categorized,Pharmacy,B.Pharm / D.Pharm program — single-purpose pharmacy college; detailed faculty research pages not typically published for institutions of this scale,Verified — CSVTU official affiliated institutes list (Code 185) | Department classified from CSVTU pharmacy listing category
"Gracious College of Pharmacy, Kabirdham",Chhattisgarh,Kawardha,college,shallow-categorized,Pharmacy,B.Pharm / D.Pharm program — single-purpose pharmacy college; detailed faculty research pages not typically published for institutions of this scale,Verified — CSVTU official affiliated institutes list (Code 186) | Department classified from CSVTU pharmacy listing category
"Riyansh College of Pharmacy, Lakhanpur",Chhattisgarh,Surguja,college,shallow-categorized,Pharmacy,B.Pharm / D.Pharm program — single-purpose pharmacy college; detailed faculty research pages not typically published for institutions of this scale,Verified — CSVTU official affiliated institutes list (Code 187) | Department classified from CSVTU pharmacy listing category
"Mansa Pharmacy College, Bhilai",Chhattisgarh,Durg,college,shallow-categorized,Pharmacy,B.Pharm / D.Pharm program — single-purpose pharmacy college; detailed faculty research pages not typically published for institutions of this scale,Verified — CSVTU official affiliated institutes list (Code 188) | Department classified from CSVTU pharmacy listing category
"Leela Devi College of Pharmacy, Durg",Chhattisgarh,Durg,college,shallow-categorized,Pharmacy,B.Pharm / D.Pharm program — single-purpose pharmacy college; detailed faculty research pages not typically published for institutions of this scale,Verified — CSVTU official affiliated institutes list (Code 189) | Department classified from CSVTU pharmacy listing category
"Sanjivani Institute of Pharmacy-II, Takhatpur",Chhattisgarh,Bilaspur,college,shallow-categorized,Pharmacy,B.Pharm / D.Pharm program — single-purpose pharmacy college; detailed faculty research pages not typically published for institutions of this scale,Verified — CSVTU official affiliated institutes list (Code 190) | Department classified from CSVTU pharmacy listing category
"Shyam Balaji College of Pharmacy, Mahasamund",Chhattisgarh,Mahasamund,college,shallow-categorized,Pharmacy,B.Pharm / D.Pharm program — single-purpose pharmacy college; detailed faculty research pages not typically published for institutions of this scale,Verified — CSVTU official affiliated institutes list (Code 191) | Department classified from CSVTU pharmacy listing category
"Shri Balaji Institute of Pharmacy Research Centre, Raipur",Chhattisgarh,Raipur,college,shallow-categorized,Pharmacy,B.Pharm / D.Pharm program — single-purpose pharmacy college; detailed faculty research pages not typically published for institutions of this scale,Verified — CSVTU official affiliated institutes list (Code 193) | Department classified from CSVTU pharmacy listing category
"R N Dubey College of Pharmacy, Janjgir-Champa",Chhattisgarh,Janjgir – Champa,college,shallow-categorized,Pharmacy,B.Pharm / D.Pharm program — single-purpose pharmacy college; detailed faculty research pages not typically published for institutions of this scale,Verified — CSVTU official affiliated institutes list (Code 195) | Department classified from CSVTU pharmacy listing category
Chhattisgarh Pharmacy College,Chhattisgarh,Durg,college,shallow-categorized,Pharmacy,B.Pharm / D.Pharm program — single-purpose pharmacy college; detailed faculty research pages not typically published for institutions of this scale,Verified — CSVTU official affiliated institutes list (Code 197) | Department classified from CSVTU pharmacy listing category
"C M Dubey Post Graduate College, Bilaspur",Chhattisgarh,Bilaspur,college,shallow,,,Verified — CSVTU official affiliated institutes list (Code 198)
"Dipti Institute of Pharmacy, Surajpur",Chhattisgarh,Surajpur,college,shallow-categorized,Pharmacy,B.Pharm / D.Pharm program — single-purpose pharmacy college; detailed faculty research pages not typically published for institutions of this scale,Verified — CSVTU official affiliated institutes list (Code 204) | Department classified from CSVTU pharmacy listing category
"Sonkar College of Pharmacy, Mungeli",Chhattisgarh,Mungeli,college,shallow-categorized,Pharmacy,B.Pharm / D.Pharm program — single-purpose pharmacy college; detailed faculty research pages not typically published for institutions of this scale,Verified — CSVTU official affiliated institutes list (Code 205) | Department classified from CSVTU pharmacy listing category
Swami Vivekanand Institute of Pharmacy & Research,Chhattisgarh,Bilaspur,college,shallow-categorized,Pharmacy,B.Pharm / D.Pharm program — single-purpose pharmacy college; detailed faculty research pages not typically published for institutions of this scale,Verified — CSVTU official affiliated institutes list (Code 206) | Department classified from CSVTU pharmacy listing category
"Government Polytechnic, Kurud",Chhattisgarh,Dhamtari,technical_institute,shallow-categorized,Diploma Engineering,"Polytechnic-level diploma programs (typically Civil/Mechanical/Electrical/Electronics trades) — specific trades vary by institution, not individually verified",Verified — CSVTU official affiliated institutes list (Code 207) | Department classified from CSVTU polytechnic listing category
"Chhattisgarh Institute of Technology, Jagdalpur",Chhattisgarh,Bastar,technical_institute,shallow,,,Verified — CSVTU official affiliated institutes list (Code 211)
"MAHARANA PRATAP COLLEGE OF PHARMACY,RAIPUR",Chhattisgarh,Raipur,college,shallow-categorized,Pharmacy,B.Pharm / D.Pharm program — single-purpose pharmacy college; detailed faculty research pages not typically published for institutions of this scale,Verified — CSVTU official affiliated institutes list (Code 212) | Department classified from CSVTU pharmacy listing category
"APAAR COLLEGE OF PHARMACY,JASHPUR",Chhattisgarh,Jashpur,college,shallow-categorized,Pharmacy,B.Pharm / D.Pharm program — single-purpose pharmacy college; detailed faculty research pages not typically published for institutions of this scale,Verified — CSVTU official affiliated institutes list (Code 213) | Department classified from CSVTU pharmacy listing category
"SRI ONKAR COLLEGE OF PHARMACY, RAIPUR",Chhattisgarh,Raipur,college,shallow-categorized,Pharmacy,B.Pharm / D.Pharm program — single-purpose pharmacy college; detailed faculty research pages not typically published for institutions of this scale,Verified — CSVTU official affiliated institutes list (Code 214) | Department classified from CSVTU pharmacy listing category
"SANDIPANI INSTITUTE OF PHARMACY,DURG",Chhattisgarh,Durg,college,shallow-categorized,Pharmacy,B.Pharm / D.Pharm program — single-purpose pharmacy college; detailed faculty research pages not typically published for institutions of this scale,Verified — CSVTU official affiliated institutes list (Code 215) | Department classified from CSVTU pharmacy listing category
"INSTITUTE OF TECHNOLOGY AND SCIENCES, GARIYABAND",Chhattisgarh,Gariaband,technical_institute,shallow,,,Verified — CSVTU official affiliated institutes list (Code 216)
"MENNONITE CHRISTIAN PHARMACY COLLEGE, DHAMTARI",Chhattisgarh,Dhamtari,college,shallow-categorized,Pharmacy,B.Pharm / D.Pharm program — single-purpose pharmacy college; detailed faculty research pages not typically published for institutions of this scale,Verified — CSVTU official affiliated institutes list (Code 217) | Department classified from CSVTU pharmacy listing category
"SURYA COLLEGE OF PHARMACY, JANJGIR CHAMPA",Chhattisgarh,Janjgir – Champa,college,shallow-categorized,Pharmacy,B.Pharm / D.Pharm program — single-purpose pharmacy college; detailed faculty research pages not typically published for institutions of this scale,Verified — CSVTU official affiliated institutes list (Code 218) | Department classified from CSVTU pharmacy listing category
"S R PHARMACY COLLEGE,DURG",Chhattisgarh,Durg,college,shallow-categorized,Pharmacy,B.Pharm / D.Pharm program — single-purpose pharmacy college; detailed faculty research pages not typically published for institutions of this scale,Verified — CSVTU official affiliated institutes list (Code 219) | Department classified from CSVTU pharmacy listing category
University Teaching Department (CSVTU),Chhattisgarh,Durg,university,shallow,,,Verified — CSVTU official affiliated institutes list (Code 000)
"J K Institute of Engineering,Bilaspur",Chhattisgarh,Bilaspur,technical_institute,shallow,,,Verified — CSVTU official affiliated institutes list (Code 024)
Government Polytechnic - Bilaspur,Chhattisgarh,Bilaspur,technical_institute,shallow-categorized,Diploma Engineering,"Polytechnic-level diploma programs (typically Civil/Mechanical/Electrical/Electronics trades) — specific trades vary by institution, not individually verified",Verified — CSVTU official affiliated institutes list (Code 028) | Department classified from CSVTU polytechnic listing category
Late Karuna Shukla Government Polytechnic College - Balodabazar,Chhattisgarh,Balodabazar,technical_institute,shallow-categorized,Diploma Engineering,"Polytechnic-level diploma programs (typically Civil/Mechanical/Electrical/Electronics trades) — specific trades vary by institution, not individually verified",Verified — CSVTU official affiliated institutes list (Code 038) | Department classified from CSVTU polytechnic listing category
Government Polytechnic - Bhatapara,Chhattisgarh,Balodabazar,technical_institute,shallow-categorized,Diploma Engineering,"Polytechnic-level diploma programs (typically Civil/Mechanical/Electrical/Electronics trades) — specific trades vary by institution, not individually verified",Verified — CSVTU official affiliated institutes list (Code 040) | Department classified from CSVTU polytechnic listing category
Government Co-Ed Polytechnic - Raipur,Chhattisgarh,Raipur,technical_institute,shallow-categorized,Diploma Engineering,"Polytechnic-level diploma programs (typically Civil/Mechanical/Electrical/Electronics trades) — specific trades vary by institution, not individually verified",Verified — CSVTU official affiliated institutes list (Code 045) | Department classified from CSVTU polytechnic listing category
Government Co-Ed Polytechnic - Jagdalpur,Chhattisgarh,Bastar,technical_institute,shallow-categorized,Diploma Engineering,"Polytechnic-level diploma programs (typically Civil/Mechanical/Electrical/Electronics trades) — specific trades vary by institution, not individually verified",Verified — CSVTU official affiliated institutes list (Code 047) | Department classified from CSVTU polytechnic listing category
Dharmu Mahara Government Girls Polytechnic - Jagdalpur,Chhattisgarh,Bastar,technical_institute,shallow-categorized,Diploma Engineering,"Polytechnic-level diploma programs (typically Civil/Mechanical/Electrical/Electronics trades) — specific trades vary by institution, not individually verified",Verified — CSVTU official affiliated institutes list (Code 051) | Department classified from CSVTU polytechnic listing category
Government Girls Polytechnic - Raipur,Chhattisgarh,Raipur,technical_institute,shallow-categorized,Diploma Engineering,"Polytechnic-level diploma programs (typically Civil/Mechanical/Electrical/Electronics trades) — specific trades vary by institution, not individually verified",Verified — CSVTU official affiliated institutes list (Code 052) | Department classified from CSVTU polytechnic listing category
Bhopal Rao Pawar Govt. Polytechnic-Dhamtari,Chhattisgarh,Dhamtari,technical_institute,shallow-categorized,Diploma Engineering,"Polytechnic-level diploma programs (typically Civil/Mechanical/Electrical/Electronics trades) — specific trades vary by institution, not individually verified",Verified — CSVTU official affiliated institutes list (Code 054) | Department classified from CSVTU polytechnic listing category
Uday Prasad Uday Government Polytechnic - Durg,Chhattisgarh,Durg,technical_institute,shallow-categorized,Diploma Engineering,"Polytechnic-level diploma programs (typically Civil/Mechanical/Electrical/Electronics trades) — specific trades vary by institution, not individually verified",Verified — CSVTU official affiliated institutes list (Code 055) | Department classified from CSVTU polytechnic listing category
Chhattisgarh Institute of Technology - Raigarh,Chhattisgarh,Raigarh,technical_institute,shallow,,,Verified — CSVTU official affiliated institutes list (Code 056)
Government Polytechnic - Ambikapur,Chhattisgarh,Surguja,technical_institute,shallow-categorized,Diploma Engineering,"Polytechnic-level diploma programs (typically Civil/Mechanical/Electrical/Electronics trades) — specific trades vary by institution, not individually verified",Verified — CSVTU official affiliated institutes list (Code 058) | Department classified from CSVTU polytechnic listing category
Chhattisgarh Institute of Technology Kabirdham,Chhattisgarh,Kawardha,technical_institute,shallow,,,Verified — CSVTU official affiliated institutes list (Code 067)
"Bilaspur College of Polytechnic, Bilaspur",Chhattisgarh,Bilaspur,technical_institute,shallow-categorized,Diploma Engineering,"Polytechnic-level diploma programs (typically Civil/Mechanical/Electrical/Electronics trades) — specific trades vary by institution, not individually verified",Verified — CSVTU official affiliated institutes list (Code 094) | Department classified from CSVTU polytechnic listing category
"Government Polytechnic, Chirmiri",Chhattisgarh,Koriya,technical_institute,shallow-categorized,Diploma Engineering,"Polytechnic-level diploma programs (typically Civil/Mechanical/Electrical/Electronics trades) — specific trades vary by institution, not individually verified",Verified — CSVTU official affiliated institutes list (Code 199) | Department classified from CSVTU polytechnic listing category
"Government Polytechnic, Bagicha Jashpur",Chhattisgarh,Jashpur,technical_institute,shallow-categorized,Diploma Engineering,"Polytechnic-level diploma programs (typically Civil/Mechanical/Electrical/Electronics trades) — specific trades vary by institution, not individually verified",Verified — CSVTU official affiliated institutes list (Code 200) | Department classified from CSVTU polytechnic listing category
"Government Polytechnic, Marwahi",Chhattisgarh,Bilaspur,technical_institute,shallow-categorized,Diploma Engineering,"Polytechnic-level diploma programs (typically Civil/Mechanical/Electrical/Electronics trades) — specific trades vary by institution, not individually verified",Verified — CSVTU official affiliated institutes list (Code 201) | Department classified from CSVTU polytechnic listing category
"Government Polytechnic, Pathariya",Chhattisgarh,Mungeli,technical_institute,shallow-categorized,Diploma Engineering,"Polytechnic-level diploma programs (typically Civil/Mechanical/Electrical/Electronics trades) — specific trades vary by institution, not individually verified",Verified — CSVTU official affiliated institutes list (Code 202) | Department classified from CSVTU polytechnic listing category
"Government Polytechnic, Thaankhamariya",Chhattisgarh,Bemetara,technical_institute,shallow-categorized,Diploma Engineering,"Polytechnic-level diploma programs (typically Civil/Mechanical/Electrical/Electronics trades) — specific trades vary by institution, not individually verified",Verified — CSVTU official affiliated institutes list (Code 203) | Department classified from CSVTU polytechnic listing category
Rungta College of Engineering & Technology - Bhilai,Chhattisgarh,Durg,technical_institute,shallow,,,Verified — CSVTU official affiliated institutes list (Code 013)
Minimata Government Polytechnic - Rajnandgaon,Chhattisgarh,Rajnandgaon,technical_institute,shallow-categorized,Diploma Engineering,"Polytechnic-level diploma programs (typically Civil/Mechanical/Electrical/Electronics trades) — specific trades vary by institution, not individually verified",Verified — CSVTU official affiliated institutes list (Code 053) | Department classified from CSVTU polytechnic listing category
"Chhattisgarh Institute of Technology, Jashpur",Chhattisgarh,Jashpur,technical_institute,shallow,,,Verified — CSVTU official affiliated institutes list (Code 210)
IIT (ISM) Dhanbad,Jharkhand,Dhanbad,technical_institute,deep,Computer Science & Engineering,"Research covers AI/data science, machine learning, software systems and related computing areas; the department also has an Executive M.Tech in AI & Data Science.",https://www.iitsystem.ac.in/departments
NIT Jamshedpur,Jharkhand,East Singhbhum,technical_institute,deep,Civil Engineering,"Faculty research includes structural health monitoring, seismic design, geotechnical engineering, water resources, flood forecasting and smart/ML-assisted structural analysis.",https://nitjsr.ac.in/departments/civil
"BIT Mesra, Ranchi",Jharkhand,Ranchi,college,deep,Computer Science & Engineering,"Faculty work spans machine learning, AI for healthcare, medical-image analysis, LLMs, geospatial analytics, databases, web development, cloud computing and cybersecurity.",https://bitmesra.ac.in/edudepartment/content/5/82/513
Central University of Jharkhand,Jharkhand,Ranchi,university,deep,Geoinformatics,"The university has dedicated Geoinformatics, Geography, Geology, Civil Engineering, CSE and Environmental Sciences departments, creating scope for GIS, spatial analysis and interdisciplinary societal-problem work.",https://www.cuj.ac.in/department.php
IIIT Ranchi,Jharkhand,Ranchi,technical_institute,deep,CSE / AI & ML,"Research cells cover Machine Learning & AI, Data Science & Bioinformatics, Sensors & IoT, VLSI/Embedded Systems and Advanced Communication; priorities also include ML, big data, cloud, distributed systems and security.",https://iiitranchi.ac.in/docs/rti/2022_23_english.pdf
"XISS, Ranchi",Jharkhand,Ranchi,college,deep,Research & Planning,"The Research & Planning department undertakes research and surveys for government, semi-government agencies, industry and voluntary organisations. It also works with GIS/Remote Sensing and people-oriented development/rehabilitation studies.",https://xiss.ac.in/index.php/career-research-supervisor-and-research-assistant
Birsa Agricultural University,Jharkhand,Ranchi,university,deep,Agricultural Engineering,"Work includes farm machinery, water harvesting, plasticulture, post-harvest engineering, energy in agriculture and agro-industries, with an emphasis on efficient use of water, fertilizer, energy and farm resources.",https://bauranchi.org/faculties-faculty-of-agriculture-ranchi/
IIT Patna,Bihar,Patna,technical_institute,deep,Computer Science & Engineering,"Research includes Generative AI, NLP, machine learning/deep learning, blockchain, IoT, cloud/edge/fog computing, computer vision, social networks and quantum computing.",https://www.iitp.ac.in/?id=42%3Acomputer-science-and-engineering&option=com_content&view=article
IIIT Bhagalpur,Bihar,Bhagalpur,technical_institute,deep,Computer Science & Engineering,"Faculty interests include graph algorithms, blockchain, databases, crowdsourcing, speech processing, biomedical image processing, explainable AI and multimedia/security forensics.",https://www.iiitbh.ac.in/faccse
IIT Bhubaneswar,Odisha,Khordha,technical_institute,deep,Computer Science & Engineering,"CSE research spans algorithms, optimization, data structures, machine learning/data analytics, cloud computing, networks/cybersecurity, IoT, NLP and multimedia systems.",https://secs.iitbbs.ac.in/index.php/broad-research-areas-ph-d-and-ms-r-admission/
NIT Rourkela,Odisha,Sundargarh,technical_institute,deep,Earth & Atmospheric Sciences,"Research groups include climate dynamics and modelling, mesoscale meteorology, geochemistry, petrology, ore/exploration geology and structure/tectonics—useful for environmental and climate-related challenges.",https://www.nitrkl.ac.in/ER/ResearchGroup/
IIT Kharagpur,West Bengal,Paschim Medinipur,technical_institute,deep,Computer Science & Engineering,"Research spans AI/ML, data and web mining, computer vision, NLP, cybersecurity, systems/networking, software engineering and theoretical computer science.",https://cse.iitkgp.ac.in/rsday/about.html
Jadavpur University,West Bengal,Kolkata,university,deep,Computer Science & Engineering,"The department identifies AI, machine learning, IoT and NLP as major research areas, covering intelligent systems, data-driven learning, connected devices and language technologies.",https://cse.jadavpuruniversity.in/research
National Institute of Technology Raipur,Chhattisgarh,Raipur,technical_institute,deep,Computer Science & Engineering,"Active research includes AI, data science, network security/modern cryptography, cloud computing, blockchain, wireless networks and biomedical data processing; projects also include responsible AI and animal tracking.",https://www.nitrr.ac.in/aboutcse.php
IIT Indore,Madhya Pradesh,Indore,technical_institute,deep,Computer Science & Engineering,"Faculty research includes algorithms, theoretical CS, machine learning, NLP, cybersecurity, IoT, biometrics, game theory, VLSI, edge-cloud systems and computational/health informatics.",https://ir.iiti.ac.in/department-and-centre-details-
IIT (ISM) Dhanbad,Jharkhand,Dhanbad,technical_institute,deep,Mining Engineering,"Faculty research focuses on mine ventilation, underground subsurface environments, spontaneous combustion of coal, mine planning and design, rock mechanics, and advanced clean coal technologies. The department integrates automation and sustainable environmental safety engineering into active industrial extraction processes.",https://www.iitism.ac.in/department-of-mining-engineering
"BIT Mesra, Ranchi",Jharkhand,Ranchi,college,deep,Space Engineering & Rocketry,"Research centers around hybrid rocket propulsion systems, high regression rate fuels, droplet combustion, and supersonic flow field aerodynamics. Faculty explicitly investigate computational fluid dynamics (CFD) for reusable launch vehicles and air intake systems.",https://bitmesra.ac.in/edudepartment/1/167
NIT Jamshedpur,Jharkhand,East Singhbhum,technical_institute,deep,Metallurgical & Materials Engineering,"Faculty specialize in physical, hydro, and process metallurgy, alongside mineral characterization and industrial beneficiation. Research actively focuses on iron and steel technology, nano-materials, and developing advanced foundry technologies.",https://www.nitjsr.ac.in/departments/meta
BIT Sindri,Jharkhand,Dhanbad,college,deep,Chemical Engineering,"The department drives R&D in chemical plant design, petroleum refinery engineering, unit operations, and advanced process control. Faculty prioritize collaborative research with CSIR-CIMFR on clean energy materials and thermodynamics.",https://www.bitsindri.ac.in/chemical-engineering/
NIFFT Ranchi,Jharkhand,Ranchi,college,deep,Manufacturing Engineering,"Faculty target innovations in advanced foundry technology, manufacturing automation, forge engineering, and sustainable materials processing. Research explores structural metallurgy, defect analysis in castings, and smart manufacturing systems.",https://niamt.ac.in
Central University of Jharkhand,Jharkhand,Ranchi,university,deep,Environmental Sciences,"Research focuses on climate dynamics, biodiversity conservation, environmental biotechnology, and clean water processing technologies. Faculty target environmental impact assessments (EIA) for industrial mining regions and regional ecological restoration.",https://cuj.ac.in
"XISS, Ranchi",Jharkhand,Ranchi,college,deep,Rural Management,"Faculty execute action-oriented field research evaluating rural livelihood security, tribal community development, micro-finance models, and social entrepreneurship. Research explicitly addresses regional policy impacts, sustainable agricultural supply chains, and rural cooperative structures.",https://xiss.ac.in
IIT Kanpur,Uttar Pradesh,Kanpur Nagar,technical_institute,deep,Aerospace Engineering,"Faculty actively research hypersonic aerodynamics, autonomous UAV flight controls, satellite micro-propulsion systems, and computational aeroelasticity. Projects regularly innovate structural health monitoring techniques using advanced composite materials for space missions.",https://iitk.ac.in
MNNIT Allahabad,Uttar Pradesh,Prayagraj,technical_institute,deep,Computer Science & Engineering,"Research spans formal verification of real-time systems, secure cryptographic wireless routing, edge computing optimizations, and distributed deep learning networks. Faculty directly target blockchain frameworks for cybersecurity and healthcare informatics.",https://mnnit.ac.in
IIIT Lucknow,Uttar Pradesh,Lucknow,technical_institute,deep,Information Technology,"Faculty emphasize natural language processing (NLP), cryptographically secure software architectures, cloud resource orchestration, and human-computer interactions. Research maps directly to building lightweight predictive artificial intelligence frameworks for real-world software.",https://iiitl.ac.in
IIT Indore,Madhya Pradesh,Indore,technical_institute,deep,Electrical Engineering,"Faculty focus on silicon photonics, high-frequency RF-MEMS devices, biomedical signal processing, and smart electrical grid integration. Research drives the design of energy-efficient VLSI circuits and modern power electronics interfaces.",https://iiti.ac.in
MANIT Bhopal,Madhya Pradesh,Bhopal,technical_institute,deep,Materials Science & Metallurgical Engineering,"Research centers on high-entropy alloys, severe plastic deformation processing, corrosion mitigation in extreme environments, and lightweight biomaterials. Faculty actively model microstructural evolutions during advanced welding and casting practices.",https://manit.ac.in
SGSITS Indore,Madhya Pradesh,Indore,college,deep,Civil Engineering & Applied Mechanics,"Faculty actively investigate seismic resistance of high-rise structures, retrofitting of heritage monuments, sustainable concrete mixes using industrial waste, and geospatial water resource modeling. Research guides regional infrastructure development and structural safety audits.",https://sgsits.ac.in
IIT Kharagpur,West Bengal,Paschim Medinipur,technical_institute,deep,Ocean Engineering & Naval Architecture,"Faculty specialize in marine hydrodynamics, wave-structure interactions, autonomous underwater vehicle (AUV) dynamics, and coastal sediment transport. Research heavily involves structural reliability analysis for offshore oil platforms and deep-sea mineral exploration.",https://iitkgp.ac.in
Jadavpur University,West Bengal,Kolkata,university,deep,Power Engineering,"Faculty research explores optimal power flow in smart grids, renewable energy integration (solar/wind), transient stability, and high-voltage insulation tracking. The team focuses heavily on industrial power system protection and digital relaying techniques.",https://jaduniv.edu.in
NIT Durgapur,West Bengal,Paschim Barddhaman,technical_institute,deep,Biotechnology,"Faculty focus on environmental bioremediation of industrial effluents, metabolic engineering for biofuel generation, and structure-based drug design for infectious diseases. Research heavily integrates microbial genomics and target-specific nanomedicines.",https://nitdgp.ac.in
IIT Patna,Bihar,Patna,technical_institute,deep,Mechanical Engineering,"Faculty target thermal management of electronic packaging, microfluidics, laser-assisted material processing, and robotics. Research actively explores multi-phase heat transfer, smart materials, and computational solid mechanics for industrial design.",https://iitp.ac.in
NIT Rourkela,Odisha,Sundargarh,technical_institute,deep,Ceramic Engineering,"Research covers structural ceramics, bio-implants, functional electronic electro-ceramics, and refractory materials for steel plants. Faculty heavily explore advanced powder synthesis, thin-film coatings, and waste-to-wealth conversion of industrial slag into ceramic matrices.",https://nitrkl.ac.in
IIT (ISM) Dhanbad,Jharkhand,Dhanbad,technical_institute,deep,Department of Mining Engineering,"Faculty members research rock mechanics, mine planning, ground control, and sustainable mining technologies. Work also includes numerical modeling of underground excavations and underground coal gasification.",Research directory supplied by the team
"BIT Mesra, Ranchi",Jharkhand,Ranchi,college,deep,Department of Computer Science and Engineering,"Research centers on machine learning, image processing, wireless sensor networks, and cyber-security. Faculty actively explore artificial intelligence applications in healthcare and remote sensing.",Research directory supplied by the team
XLRI Jamshedpur,Jharkhand,East Singhbhum,college,deep,Area of Economics,"Faculty research focuses on development economics, labor markets, financial inclusion, and macroeconomic policy in emerging markets. Empirical studies often address rural livelihoods and industrial growth.",Research directory supplied by the team
IIM Ranchi,Jharkhand,Ranchi,technical_institute,deep,Strategic Management Area,"Research explores corporate governance, strategic change, mergers and acquisitions, and sustainability in business operations. Faculty analyze how emerging economy firms build competitive advantages.",Research directory supplied by the team
NIT Jamshedpur,Jharkhand,East Singhbhum,technical_institute,deep,Department of Mechanical Engineering,"Research areas include advanced manufacturing, thermal engineering, renewable energy systems, and composite materials. Faculty focus on optimizing thermal systems and modern production processes.",Research directory supplied by the team
Central University of Jharkhand,Jharkhand,Ranchi,university,deep,Department of Tribal Studies,"Faculty investigate indigenous knowledge systems, tribal socio-economic development, folklore, and cultural anthropology. Studies center on policy impacts on marginalized indigenous communities.",Research directory supplied by the team
Ranchi University,Jharkhand,Ranchi,university,deep,Department of Botany,"Research covers plant taxonomy, ethnobotany, biodiversity conservation, and stress physiology of local flora. Faculty study medicinal plants native to the Chota Nagpur plateau region.",Research directory supplied by the team
Birsa Agricultural University,Jharkhand,Ranchi,university,deep,Department of Agronomy,"Research targets crop production management, soil fertility, water conservation, and organic farming suited for the plateau region. Faculty work on improving yields for rain-fed agricultural systems.",Research directory supplied by the team
IIT Patna,Bihar,Patna,technical_institute,deep,Department of Computer Science and Engineering,"Faculty conduct research in natural language processing, computer vision, data mining, and theoretical computer science. Projects frequently apply deep learning algorithms to regional language processing.",Research directory supplied by the team
Patna University,Bihar,Patna,university,deep,Department of History,"Research emphasizes ancient Indian history, regional archaeology, medieval socio-political structures, and colonial history in Eastern India. Faculty specialize in regional archives and societal evolution.",Research directory supplied by the team
IIT Kharagpur,West Bengal,Paschim Medinipur,technical_institute,deep,Department of Electrical Engineering,"Faculty research power electronics, smart grids, control systems, and renewable energy integration. Work includes developing efficient energy storage and smart transmission infrastructure.",Research directory supplied by the team
Jadavpur University,West Bengal,Kolkata,university,deep,Department of Comparative Literature,"Research explores translation studies, folklore, post-colonial literature, and cultural exchanges across South Asia. Faculty analyze minority discourses and regional literary histories.",Research directory supplied by the team
IIT Bhubaneswar,Odisha,Khordha,technical_institute,deep,Department of Civil Engineering,"Research activities span structural engineering, water resources management, geotechnical engineering, and sustainable infrastructure. Faculty evaluate coastal hazard mitigation and smart materials.",Research directory supplied by the team
NIT Rourkela,Odisha,Sundargarh,technical_institute,deep,Department of Metallurgical and Materials Engineering,"Faculty study advanced metallic materials, nanomaterials, corrosion science, and extractive metallurgy. Investigations target high-performance alloys and waste valorization in metal industries.",Research directory supplied by the team
IIT Delhi,Delhi,New Delhi,technical_institute,deep,Department of Energy Science and Engineering,"Research focuses on solar energy, biofuels, energy storage, and smart energy systems. Faculty design sustainable technologies and model national energy transition pathways.",Research directory supplied by the team
IISc Bangalore,Karnataka,Bengaluru (Urban),college,deep,Department of Materials Engineering,"Research covers structural materials, electronic materials, computational materials science, and biomaterials. Faculty explore phase transformations and advanced nanomaterials characterization.",Research directory supplied by the team
"BIT Mesra, Ranchi",Jharkhand,Ranchi,college,deep,Department of Remote Sensing,"Geospatial modeling for natural resource surveillance, environmental degradation tracking, and watershed characterization across the Chota Nagpur plateau. Faculty develop GIS-based spatial decision support frameworks and satellite telemetry pipelines for regional land-use dynamics.",bitmesra.ac.in
XLRI Jamshedpur,Jharkhand,East Singhbhum,college,deep,Centre for Business & Social Innovation / Sustainability,"Socio-economic impact evaluation of extractive industries on peripheral rural communities, inclusive supply chain governance, and CSR frameworks. Faculty investigate grassroots tribal livelihoods, resource displacement, and sustainability policy design.",xlri.ac.in
Usha Martin University,Jharkhand,Ranchi,university,deep,Faculty of Computing & Information Technology,"Applied machine learning, database metrics, cognitive computing, and software quality assurance. Interdisciplinary faculty groups also publish in computational biology, bioinformatics pipelines, and cloud security frameworks.",umu.ac.in
Sarala Birla University,Jharkhand,Ranchi,university,deep,Faculty of Engineering & Applied Sciences (Civil / CSE),"Structural health monitoring, sustainable construction composites utilizing regional industrial byproducts, and GIS-based terrain mapping. Computational teams focus on applied IoT networks and predictive analytics for public infrastructure systems.",sbu.ac.in
Amity University Jharkhand,Jharkhand,Ranchi,university,deep,Department of Computer Science & Engineering / Biotechnology,"Data science applications, wireless sensor networking for field telemetry, and predictive modeling. Allied biotechnology teams concentrate on environmental microbiology, heavy metal bio-sorption, and microbial bio-fertilizers tailored for plateau soil restoration.",amity.edu/ranchi
Jharkhand Rai University,Jharkhand,Ranchi,university,deep,Department of Agriculture,"Agronomic practices for dryland and acidic soil management, indigenous cropping systems, and post-harvest preservation technology. Research emphasizes climate-smart agriculture and low-input bio-nutritional management for smallholder regional farmers.",jru.edu.in
Arka Jain University,Jharkhand,East Singhbhum,university,deep,School of Engineering & IT,"Industrial automation, condition monitoring of manufacturing equipment, and sensor-based telemetry. Research groups investigate smart electric drive protection, embedded systems, and applied algorithms for industrial operations.",arkajainuniversity.ac.in
ICFAI University Jharkhand,Jharkhand,Ranchi,university,deep,Faculty of Science & Technology,"Applied machine learning for distributed data architectures, cyber-physical systems, and digital power management. Faculty also work on localized empirical research covering small-scale enterprise digitalization and renewable energy economics.",iujharkhand.edu.in
KIIT University,Odisha,Khordha,university,deep,School of Rural Management / Civil Engineering,"Water resource modeling, ground improvement via industrial byproduct stabilization, and hydrogeological mapping. Research in rural management centers on community-based natural resource monitoring and institutional livelihood interventions.",kiit.ac.in
SOA University (ITER),Odisha,Khordha,university,deep,Centre for Environment and Climate / Civil Engineering,"Regional weather modeling, air quality monitoring, and climate risk vulnerability indices. Engineering faculty lead experimental studies on industrial effluent remediation and heavy metal removal via biosorbents.",soa.ac.in
Sister Nivedita University,West Bengal,Kolkata,university,deep,Department of Computer Science & Engineering,"IoT architectures for smart telemetry, edge artificial intelligence, and environmental data aggregation. Faculty actively research computer vision models for terrestrial satellite imagery and distributed network security.",snuniv.ac.in
JIS University,West Bengal,Kolkata,university,deep,Department of Earth Sciences & Remote Sensing,"Spatial hydrology, satellite image classification for wetland and river corridor dynamics, and geohazard mapping. The department develops digital spatial models for groundwater vulnerability assessments.",jisuniversity.ac.in
Gopal Narayan Singh University,Bihar,Rohtas,university,deep,Department of Agriculture & Allied Sciences,"Integrated pest management, regional soil fertility dynamics across the Gangetic basin, and water-efficient irrigation practices. Research addresses crop diversification strategies and sustainable agri-waste utilization.",gnsu.ac.in
Amity University Patna,Bihar,Patna,university,deep,School of Engineering & Technology (IT / CSE),"Applied predictive modeling, cloud-integrated field sensors, and natural language interfaces for vernacular digital services. Research emphasis is on scalable computational tools for rural administration.",amity.edu/bihar
Shiv Nadar University,Uttar Pradesh,Gautam Buddha Nagar,university,deep,Department of Civil Engineering / Water Centre,"Hydro-climatological modeling, environmental contaminants transport in groundwater systems, and smart sensor integration for water distribution networks. Core labs build multi-scale spatial simulations for basin sustainability.",snu.edu.in
Ashoka University,Delhi,Sonipat,university,deep,Centre for Climate Change & Sustainability (3CS),"Empirical environmental economics, air quality data synthesis, and climate adaptation strategies. Faculty integrate ecological field data with socio-economic indicators to assess policy impacts in vulnerable agro-climatic zones.",ashoka.edu.in
O.P. Jindal Global University,Delhi,Sonipat,university,deep,Jindal School of Environment & Sustainability,"Environmental law, natural resource governance, and corporate ESG compliance. Faculty analyze legal frameworks for public-private accountability in mining, regulatory compliance, and community conservation models.",jgu.edu.in
O.P. Jindal University,Chhattisgarh,Raigarh,university,deep,Department of Metallurgical & Materials Engineering,"Solid industrial waste valorization (blast furnace slag, fly ash, and red mud recycling), secondary steelmaking optimization, and clean energy materials. Faculty actively collaborate on industrial emission reduction and resource recovery.",opju.ac.in
Devi Ahilya Vishwavidyalaya (DAVV),Madhya Pradesh,Indore,university,deep,Institute of Engineering & Technology (IET) / School of Computer Science & IT (SCSIT),"Faculty focus on machine learning algorithms, deep learning for pattern recognition, and wireless sensor networks. Key labs in IET and SCSIT actively research network security, IoT architectures, image processing, natural language processing, and cloud-based data analytics.",ietdavv.edu.in / dauniv.ac.in
VIT Bhopal University,Madhya Pradesh,Sehore,university,deep,School of Computing Science & Engineering (SCSE),"Faculty conduct applied research in artificial intelligence, cybersecurity, edge computing, and distributed networks. Core labs specialize in deep learning for computer vision, automated malware detection, blockchain-based data privacy, and cloud infrastructure.",vitbhopal.ac.in
Jaypee University of Engineering & Technology (JUET),Madhya Pradesh,Guna,university,deep,Department of Computer Science & Engineering / Chemical Engineering,"Faculty investigate soft computing, machine learning, wireless communication networks, and cryptography. The Chemical Engineering group researches industrial wastewater treatment, environmental catalytic degradation, and waste-to-energy conversion systems.",juet.ac.in
Medi-Caps University,Madhya Pradesh,Indore,university,deep,Department of Computer Science & Engineering / Department of Civil Engineering,"Faculty research focuses on predictive analytics, IoT sensor network deployment, machine learning for automated diagnostic systems, and cloud computing. The Civil group works on sustainable construction composites and water resource analysis.",medicaps.ac.in
LNCT University,Madhya Pradesh,Bhopal,university,deep,School of Engineering & Technology (CSE & AI/ML),"Faculty concentrate on deep learning architectures, applied IoT systems, healthcare data analytics, and embedded systems. Additional research covers cloud telemetry, mobile computing, and automated power optimization in industrial setups.",lnctu.ac.in
Jagran Lakecity University (JLU),Madhya Pradesh,Bhopal,university,deep,Faculty of Science & Technology / School of Engineering,"Research centers on data science, intelligent systems, cyber-physical computing, and software engineering. Faculty also pursue interdisciplinary studies in environmental compliance modeling and technology-driven public policy implementation.",jlu.edu.in
SAGE University,Madhya Pradesh,Indore,university,deep,Institute of Advanced Computing / Institute of Agricultural Sciences,"Faculty focus on big data analytics, edge AI for precision agriculture, computer vision for plant disease detection, and wireless IoT sensor telemetry. Allied agricultural labs research soil fertility dynamics and sustainable agronomy.",sageuniversity.in
ITM University,Madhya Pradesh,Gwalior,university,deep,School of Engineering & Technology / School of Agriculture,"Faculty investigate renewable energy integration, microgrid management, wireless communications, and sensor telemetry. The agriculture division focuses on arid-zone crop protection, organic pest management, and post-harvest preservation techniques.",itmuniversity.ac.in
Amity University Madhya Pradesh,Madhya Pradesh,Gwalior,university,deep,Amity Institute of Biotechnology (AIB) / Amity School of Engineering & Technology,"Faculty lead research in microbial bioremediation of industrial pollutants, environmental biotechnology, heavy metal biosorption, and plant genetics. Computing faculty actively work on bioinformatics pipelines and data-driven disease modeling.",amity.edu/gwalior
Oriental University,Madhya Pradesh,Indore,university,deep,Department of Computer Science & Engineering / Department of Pharmacy,"Faculty research focuses on web intelligence, network security protocols, pattern recognition, and cloud services. The pharmacy group explores novel drug delivery systems, pharmaceutical nanotechnology, and natural medicinal chemistry.",oui.edu.in
Rabindranath Tagore University (RNTU),Madhya Pradesh,Bhopal,university,deep,Faculty of Engineering & Technology / Department of Renewable Energy,"Faculty explore decentralized renewable energy systems, solar thermal applications, IoT-based environmental monitoring, and materials science. Computing groups publish on machine learning applications in environmental telemetry.",rntu.ac.in
RKDF University,Madhya Pradesh,Bhopal,university,deep,Faculty of Engineering & Technology / School of Agriculture,"Faculty research focuses on smart power systems, signal processing, wireless sensor networks, and data analytics. Agriculture faculty work on soil nutrient assessment, crop water management, and sustainable organic farming models.",rkdf.ac.in
Renaissance University,Madhya Pradesh,Indore,university,deep,School of Science / Department of Computer Applications,"Faculty work on applied data analytics, web technologies, and database architecture. Interdisciplinary teams investigate public healthcare informatics, statistical modeling, and institutional digital frameworks.",renaissance.edu.in
Malwanchal University,Madhya Pradesh,Indore,university,deep,Index Institute of Dental Sciences / Department of Nursing & Allied Health,"Faculty research is dedicated to biomedical sciences, public health epidemiological surveys, biomaterials in healthcare, and clinical diagnostic techniques tailored to rural and suburban central Indian populations.",malwanchaluniversity.com
Avantika University,Madhya Pradesh,Ujjain,university,deep,Department of Computer Science & Engineering (Design-Led Tech),"Faculty conduct research on user experience (UX) engineering, human-computer interaction (HCI), data visualization, augmented reality, and applied AI models for interactive digital systems.",avantikauniversity.edu.in
AKS University,Madhya Pradesh,Satna,university,deep,Department of Mining Engineering / Department of Agriculture,"Faculty specialize in opencast rock mechanics, mine environmental management, blast design optimization, and safety sensors. The agriculture group investigates vertisol soil fertility, seed technology, and rainfed farming techniques.",aksuniversity.ac.in
Madhyanchal Professional University,Madhya Pradesh,Bhopal,university,deep,School of Engineering & IT / Department of Environmental Studies,"Faculty focus on distributed computing, wireless networking, water purification techniques, and recycling of industrial solid waste composites for structural applications.",mpu.ac.in
IIT (ISM) Dhanbad,Jharkhand,Dhanbad,technical_institute,deep,Department of Environmental Science & Engineering,"Geo-environmental engineering and mine environmental management, including particulate matter dispersion, acid mine drainage mitigation, and ecological restoration of overburden dumps. Faculty actively investigate advanced wastewater treatment, clean coal technology, and industrial carbon capture.",Target Research Institutions & Faculty Directory
"BIT Mesra, Ranchi",Jharkhand,Ranchi,college,deep,Department of Remote Sensing / Computer Science,"Geospatial modeling for natural resource surveillance, environmental change detection, and watershed characterization in plateau terrains. The faculty also spearheads research in applied machine learning, edge computing for environmental telemetry, and smart sensor networks.",Target Research Institutions & Faculty Directory
NIT Jamshedpur,Jharkhand,East Singhbhum,technical_institute,deep,Department of Metallurgical & Materials Engineering,"Extractive metallurgy and solid industrial waste valorization (slag, fly ash, and red mud recycling). Focus includes high-performance corrosion-resistant coatings, surface modification, and energy-efficient thermal treatment cycles for heavy industrial operations.",Target Research Institutions & Faculty Directory
Central University of Jharkhand,Jharkhand,Ranchi,university,deep,Department of Environmental Sciences,"Biodiversity assessment, forest ecology, and eco-restoration specific to the Chota Nagpur plateau ecosystem. Faculty research centers on ground-water hydro-geochemistry, environmental impact assessment (EIA), and the socio-ecological resilience of regional indigenous communities.",Target Research Institutions & Faculty Directory
Birsa Agricultural University,Jharkhand,Ranchi,university,deep,Department of Soil Science & Agricultural Chemistry,"Amelioration of acidic and degraded plateau soils, integrated nutrient management, and bio-fertilizer synthesis. Key research groups explore climate-smart rainfed farming, soil micronutrient dynamics, and water-harvesting models for tribal agro-ecosystems.",Target Research Institutions & Faculty Directory
CSIR-CIMFR (Dhanbad),Jharkhand,Dhanbad,college,deep,Fuel Science & Mine Ventilation/Safety Division,"Coal characterization, coal gasification, coal-bed methane (CBM) extraction, and real-time occupational safety telemetry. Faculty and scientists work extensively on rock mechanics instrumentation, slope stability monitoring, and toxic gas sensor grids.",Target Research Institutions & Faculty Directory
CSIR-NML (Jamshedpur),Jharkhand,East Singhbhum,college,deep,Mineral Processing & Waste Recovery Division,"Beneficiation of lean and complex ores, strategic metals recovery from electronic waste (e-waste recycling), and industrial decarbonization pathways. Core labs specialize in advanced hydrometallurgical extraction and circular economy lifecycle modeling.",Target Research Institutions & Faculty Directory
XLRI Jamshedpur,Jharkhand,East Singhbhum,college,deep,Centre for Sustainability & Social Entrepreneurship,"Socio-economic impact evaluation of mining and industrial interventions on surrounding rural populations. Faculty specialize in corporate social responsibility (CSR) governance, sustainable supply chains, and community-driven livelihood models.",Target Research Institutions & Faculty Directory
IIT Kharagpur,West Bengal,Paschim Medinipur,technical_institute,deep,Department of Mining Engineering / School of Water Resources,"Subsurface spatial informatics, robotic mine safety systems, and automated ground control. Faculty in water resources lead prominent research on basin-scale hydrogeology, contaminated aquifer restoration, and watershed dynamics.",Target Research Institutions & Faculty Directory
Jadavpur University,West Bengal,Kolkata,university,deep,School of Environmental Studies,"Internationally renowned for extensive field and bench research on arsenic, fluoride, and heavy metal groundwater contamination across the Gangetic basin. Also develops low-cost nanomaterial water purification filters and industrial effluent remediation systems.",Target Research Institutions & Faculty Directory
NIT Rourkela,Odisha,Sundargarh,technical_institute,deep,Department of Mining Engineering / Chemical Engineering,"Fugitive dust characterization and airborne particulate dispersion modeling in open-pit mining environments. Research tracks include clean mineral beneficiation, bio-sorption for industrial effluents, and numerical geotechnical modeling for slope stability.",Target Research Institutions & Faculty Directory
IIT Bhubaneswar,Odisha,Khordha,technical_institute,deep,"School of Earth, Ocean & Climate Sciences","High-resolution numerical weather prediction, monsoon variability, and climate risk assessments in eastern and central India. Faculty work on coastal-inland hydro-meteorological hazard forecasting and regional hydrological modeling.",Target Research Institutions & Faculty Directory
IIT Patna,Bihar,Patna,technical_institute,deep,Department of Computer Science & Engineering,"Artificial intelligence, edge-computing IoT frameworks for precision agriculture, and localized environmental sensing. Faculty are renowned for natural language processing (NLP) in regional languages and predictive data analytics for public systems.",Target Research Institutions & Faculty Directory
NIT Patna,Bihar,Patna,technical_institute,deep,Department of Civil Engineering,"River basin morphology, sediment transport dynamics, and flood inundation mapping across regional river corridors. Focus extends to ground improvement methods using fly ash composites and seismic hazard microzonation.",Target Research Institutions & Faculty Directory
IIT Kanpur,Uttar Pradesh,Kanpur Nagar,technical_institute,deep,Department of Sustainable Energy Engineering / Civil (Environmental),"High-precision aerosol physical-chemical characterization, hyper-local sensor network deployment for air quality, and source apportionment. Faculty also lead national projects on renewable microgrid integration, battery storage, and carbon sequestration.",Target Research Institutions & Faculty Directory
IIT (BHU) Varanasi,Uttar Pradesh,Varanasi,technical_institute,deep,Department of Mining Engineering,"Clean coal technologies, acoustic and seismic instrumentation for rock slope stability, and underground continuous mining simulation. Faculty also investigate bulk recycling of fly ash and slag into functional construction geopolymers.",Target Research Institutions & Faculty Directory
National Institute of Technology Raipur,Chhattisgarh,Raipur,technical_institute,deep,Department of Mining Engineering / Applied Geology,"GIS/remote sensing integration for mineral deposit exploration, bench slope failure prediction in open-cast mines, and environmental remediation of industrial runoff and tailings pond effluents.",Target Research Institutions & Faculty Directory
IIT Delhi,Delhi,New Delhi,technical_institute,deep,Centre for Atmospheric Sciences (CAS) / School of Public Policy,"Comprehensive regional emission inventory construction, chemical transport modeling, and satellite aerosol optical depth retrieval. Research frequently bridges empirical environmental datasets with public policy interventions and regulatory compliance frameworks.",Target Research Institutions & Faculty Directory
